Question_Type,Average_Score,Count,Std_Dev
Co,0.55,80,0.47467510541021907
E&D,0.36875,80,0.41141735562118564
IR,0.9125,80,0.28434913465623
TA,0.85,80,0.35040663539177197
