Question_Type,Formulation,Average_Score,Count,Std_Dev
Co,LS,0.5625,40,0.4828799819034508
Co,RV,0.5375,40,0.47214051580717636
E&D,LS,0.4125,40,0.42195363702055205
E&D,RV,0.325,40,0.4011202262382638
IR,LS,0.925,40,0.2667467828369185
IR,RV,0.9,40,0.3038218101251
TA,LS,0.9125,40,0.2747376370844905
TA,RV,0.7875,40,0.4064779932227069
