Question_Type,Average_Score,Count,Std_Dev
Co,0.6029411764705882,68,0.4929262571578128
E&D,0.4857142857142857,70,0.5034045580527882
IR,0.974025974025974,77,0.16010078848765155
TA,0.9125,80,0.28434913465622996
