Question_Type,Formulation,Average_Score,Count,Std_Dev
Co,LS,0.5757575757575758,33,0.5018903659106632
Co,RV,0.6285714285714286,35,0.4902408943099112
E&D,LS,0.45714285714285713,35,0.5054326709601878
E&D,RV,0.5142857142857142,35,0.50709255283711
IR,LS,1.0,38,0.0
IR,RV,0.9487179487179487,39,0.2234558650309589
TA,LS,0.95,40,0.22072142786315224
TA,RV,0.875,40,0.3349320635285418
