Question_Type,Formulation,Average_Score,Count,Std_Dev
Co,LS,0.3684210526315789,38,0.4888515295293514
Co,RV,0.4,40,0.4961389383568338
E&D,LS,0.5641025641025641,39,0.502356122102941
E&D,RV,0.2647058823529412,34,0.4478110755198991
IR,LS,0.575,40,0.5006406152531231
IR,RV,0.5,40,0.5063696835418334
TA,LS,0.5384615384615384,39,0.5050353737560759
TA,RV,0.41025641025641024,39,0.49831023511298017
