Question_Type,Average_Score,Count,Std_Dev
Co,0.38461538461538464,78,0.4896531831411287
E&D,0.4246575342465753,73,0.49771165847021204
IR,0.5375,80,0.5017374874664179
TA,0.47435897435897434,78,0.5025741264537527
