Question_Type,Formulation,Average_Score,Count,Std_Dev
Co,LS,0.2,40,0.40509574683346666
Co,RV,0.225,40,0.42290206176626033
E&D,LS,0.3875,40,0.45975885541031736
E&D,RV,0.425,40,0.4606294467133937
IR,LS,0.4625,40,0.4985556060337626
IR,RV,0.375,40,0.49029033784546006
TA,LS,0.325,40,0.47434164902525683
TA,RV,0.25,40,0.4236592728681617
