Question_Type,Average_Score,Count,Std_Dev
Co,0.2125,80,0.4116576554814154
E&D,0.40625,80,0.4576615713865986
IR,0.41875,80,0.49326957479427164
TA,0.2875,80,0.4484502145575458
