LLM,4_uniform_hyp,csv_data_json_doc,kg_data_embedded_doc,kg_labeled_hyp,metric_labeled_hyp,time_labeled_hyp,unstructured_data_unstructured_doc,value_labeled_hyp
command-R,0.325,0.3,0.275,0.4,0.45,0.375,0.5,0.125
mistral,0.35,0.5,0.4,0.275,0.375,0.35,0.25,0.325
DeepSeek-R1T2,0.8,0.55,0.65,0.775,0.775,0.8,0.75,0.75
gemini-2.5-pro,0.825,0.65,0.475,0.875,0.875,0.85,0.35,0.825
kimi-k2,0.7647058823529411,0.6842105263157895,0.7777777777777778,0.7894736842105263,0.7222222222222222,0.8333333333333334,0.7777777777777778,0.7368421052631579
llama,0.5,0.5263157894736842,0.5,0.55,0.631578947368421,0.55,0.3157894736842105,0.5263157894736842
gpt-5-mini,0.7,0.475,0.725,0.725,0.7,0.725,0.875,0.7
