Question_Type,Average_Score,Count,Std_Dev
Co,0.60625,80,0.47529970558225915
E&D,0.44375,80,0.4569695860028822
IR,0.9125,80,0.28434913465623
TA,0.8625,80,0.3465471637582117
