Question_Type,Formulation,Average_Score,Count,Std_Dev
Co,LS,0.6125,40,0.473496270258508
Co,RV,0.6,40,0.4830458915396479
E&D,LS,0.4875,40,0.4455981287075747
E&D,RV,0.4,40,0.46958792628518525
IR,LS,0.925,40,0.2667467828369185
IR,RV,0.9,40,0.30382181012509996
TA,LS,0.9,40,0.3038218101250999
TA,RV,0.825,40,0.3848076442547927
