Question_Type,Formulation,Average_Score,Count,Std_Dev
Co,LS,0.2375,40,0.42347009702802285
Co,RV,0.4375,40,0.4828799819034507
E&D,LS,0.4875,40,0.4734962702585078
E&D,RV,0.5,40,0.4803844614152614
IR,LS,0.275,40,0.4522025867763026
IR,RV,0.35,40,0.4830458915396479
TA,LS,0.4125,40,0.4920847852732656
TA,RV,0.4,40,0.483045891539648
