Question_Type,Average_Score,Count,Std_Dev
Co,0.3375,80,0.46234816187026206
E&D,0.49375,80,0.4739662301702223
IR,0.3125,80,0.4664368029425214
TA,0.40625,80,0.4845312885874898
