Question_Type,Formulation,Average_Score,Count,Std_Dev
Co,LS,0.4625,40,0.4721405158071765
Co,RV,0.4125,40,0.47888090698724145
E&D,LS,0.5625,40,0.4828799819034508
E&D,RV,0.575,40,0.48766844558625366
IR,LS,0.8875,40,0.30982832301710217
IR,RV,0.8,40,0.40509574683346666
TA,LS,0.95,40,0.22072142786315224
TA,RV,0.875,40,0.3349320635285419
