Question_Type,Average_Score,Count,Std_Dev
Co,0.4375,80,0.47317270109685233
E&D,0.56875,80,0.4822399607527723
IR,0.84375,80,0.3610265777936823
TA,0.9125,80,0.28434913465622996
